ATAR,Aggregate,Students_in_Band,Cumulative_Students,Cumulative_Pct
99.95,488.25,37,37,0.12
99.9,487.49,37,74,0.25
99.85,487.17,38,112,0.37
99.8,486.83,37,149,0.49
99.75,486.25,37,186,0.62
99.7,486.24,38,224,0.74
99.65,485.96,37,261,0.87
99.6,485.65,37,298,0.99
99.55,485.33,38,336,1.11
99.5,485.04,37,373,1.24
99.45,484.73,38,411,1.36
99.4,484.43,37,448,1.49
99.35,484.12,38,486,1.61
99.3,483.79,39,525,1.74
99.25,483.49,38,563,1.87
99.2,483.21,37,600,1.99
99.15,482.65,38,638,2.11
99.1,482.59,37,675,2.24
99.05,482.29,38,713,2.36
99.0,482.02,38,751,2.49
98.95,481.73,37,788,2.61
98.9,481.41,38,826,2.74
98.85,481.1,38,864,2.86
98.8,480.81,38,902,2.99
98.75,480.48,38,940,3.12
98.7,480.18,37,977,3.24
98.65,479.69,37,1014,3.36
98.6,479.09,39,1053,3.49
98.55,478.71,37,1090,3.61
98.5,478.69,38,1128,3.74
98.45,478.68,38,1166,3.87
98.4,478.38,37,1203,3.99
98.35,478.11,38,1241,4.11
98.3,477.5,37,1278,4.24
98.25,477.26,37,1315,4.36
98.2,476.68,38,1353,4.49
98.15,476.59,38,1391,4.61
98.1,476.5,38,1429,4.74
98.05,476.28,38,1467,4.86
98.0,475.99,39,1506,4.99
97.95,475.68,38,1544,5.12
97.9,474.93,38,1582,5.24
97.85,474.92,38,1620,5.37
97.8,474.78,38,1658,5.5
97.75,474.53,38,1696,5.62
97.7,474.2,38,1734,5.75
97.65,473.57,38,1772,5.87
97.6,473.52,38,1810,6.0
97.55,472.98,38,1848,6.13
97.5,472.97,38,1886,6.25
97.45,472.67,38,1924,6.38
97.4,472.42,38,1962,6.5
97.35,472.09,38,2000,6.63
97.3,471.82,38,2038,6.76
97.25,471.24,38,2076,6.88
97.2,470.86,38,2114,7.01
97.15,470.85,37,2151,7.13
97.1,470.28,37,2188,7.25
97.05,470.27,37,2225,7.38
97.0,470.02,37,2262,7.5
96.95,469.45,39,2301,7.63
96.9,468.94,38,2339,7.75
96.85,468.6,38,2377,7.88
96.8,468.32,38,2415,8.01
96.75,468.31,38,2453,8.13
96.7,468.3,38,2491,8.26
96.65,468.01,38,2529,8.38
96.6,467.67,38,2567,8.51
96.55,467.39,38,2605,8.64
96.5,467.11,38,2643,8.76
96.45,466.5,38,2681,8.89
96.4,466.44,38,2719,9.01
96.35,466.23,38,2757,9.14
96.3,465.88,38,2795,9.27
96.25,465.22,38,2833,9.39
96.2,464.88,38,2871,9.52
96.15,464.74,38,2909,9.64
96.1,464.65,38,2947,9.77
96.05,464.5,38,2985,9.89
96.0,464.18,38,3023,10.02
95.95,463.87,38,3061,10.15
95.9,463.59,38,3099,10.27
95.85,462.98,38,3137,10.4
95.8,462.51,38,3175,10.52
95.75,462.5,38,3213,10.65
95.7,462.49,38,3251,10.78
95.65,462.24,38,3289,10.9
95.6,461.93,38,3327,11.03
95.55,461.59,38,3365,11.15
95.5,461.26,38,3403,11.28
95.45,460.74,38,3441,11.41
95.4,460.73,38,3479,11.53
95.35,460.42,38,3517,11.66
95.3,460.15,38,3555,11.78
95.25,459.86,37,3592,11.91
95.2,459.55,37,3629,12.03
95.15,459.25,37,3666,12.15
95.1,458.98,37,3703,12.28
95.05,458.7,37,3740,12.4
95.0,458.44,37,3777,12.52
94.95,458.19,38,3815,12.65
94.9,457.92,38,3853,12.77
94.85,457.59,38,3891,12.9
94.8,457.01,38,3929,13.02
94.75,457.0,38,3967,13.15
94.7,456.69,38,4005,13.28
94.65,456.15,38,4043,13.4
94.6,456.14,38,4081,13.53
94.55,455.64,38,4119,13.65
94.5,455.31,38,4157,13.78
94.45,455.3,38,4195,13.91
94.4,455.0,38,4233,14.03
94.35,454.7,37,4270,14.15
94.3,454.41,37,4307,14.28
94.25,454.13,37,4344,14.4
94.2,453.85,37,4381,14.52
94.15,453.58,37,4418,14.65
94.1,453.31,37,4455,14.77
94.05,453.0,37,4492,14.89
94.0,452.71,37,4529,15.01
93.95,452.2,38,4567,15.14
93.9,452.19,38,4605,15.27
93.85,451.87,38,4643,15.39
93.8,451.6,38,4681,15.52
93.75,451.39,38,4719,15.64
93.7,451.17,38,4757,15.77
93.65,450.93,38,4795,15.89
93.6,450.65,38,4833,16.02
93.55,450.3,38,4871,16.15
93.5,449.55,38,4909,16.27
93.45,449.54,38,4947,16.4
93.4,449.38,38,4985,16.52
93.35,449.06,38,5023,16.65
93.3,448.78,38,5061,16.78
93.25,448.5,37,5098,16.9
93.2,448.22,37,5135,17.02
93.15,447.95,37,5172,17.14
93.1,447.66,37,5209,17.27
93.05,447.38,37,5246,17.39
93.0,447.08,37,5283,17.51
92.95,446.81,38,5321,17.64
92.9,446.53,38,5359,17.76
92.85,446.16,38,5397,17.89
92.8,445.81,38,5435,18.02
92.75,445.59,38,5473,18.14
92.7,445.42,38,5511,18.27
92.65,445.15,38,5549,18.39
92.6,444.87,38,5587,18.52
92.55,444.58,38,5625,18.65
92.5,444.24,38,5663,18.77
92.45,443.76,38,5701,18.9
92.4,443.75,38,5739,19.02
92.35,443.39,38,5777,19.15
92.3,442.94,37,5814,19.27
92.25,442.47,37,5851,19.4
92.2,442.1,37,5888,19.52
92.15,441.82,37,5925,19.64
92.1,441.54,37,5962,19.76
92.05,441.24,37,5999,19.89
92.0,440.96,37,6036,20.01
91.95,440.69,38,6074,20.13
91.9,440.47,38,6112,20.26
91.85,440.27,38,6150,20.39
91.8,440.05,38,6188,20.51
91.75,439.85,38,6226,20.64
91.7,439.69,38,6264,20.76
91.65,439.48,38,6302,20.89
91.6,439.24,38,6340,21.02
91.55,438.99,38,6378,21.14
91.5,438.7,38,6416,21.27
91.45,438.42,38,6454,21.39
91.4,438.15,37,6491,21.52
91.35,437.84,37,6528,21.64
91.3,437.57,37,6565,21.76
91.25,437.31,37,6602,21.88
91.2,436.47,37,6639,22.01
91.15,436.32,37,6676,22.13
91.1,436.0,37,6713,22.25
91.05,435.7,37,6750,22.38
91.0,435.48,37,6787,22.5
90.95,435.25,38,6825,22.62
90.9,435.08,38,6863,22.75
90.85,434.88,38,6901,22.88
90.8,434.67,38,6939,23.0
90.75,434.45,38,6977,23.13
90.7,434.2,38,7015,23.25
90.65,433.9,38,7053,23.38
90.6,433.64,38,7091,23.51
90.55,433.37,37,7128,23.63
90.5,433.08,37,7165,23.75
90.45,432.8,37,7202,23.87
90.4,432.53,37,7239,24.0
90.35,432.25,37,7276,24.12
90.3,431.96,37,7313,24.24
90.25,431.68,37,7350,24.36
90.2,431.4,37,7387,24.49
90.15,431.1,37,7424,24.61
90.1,430.73,37,7461,24.73
90.05,430.3,37,7498,24.85
90.0,429.88,37,7535,24.98
89.95,429.51,38,7573,25.1
89.9,429.2,38,7611,25.23
89.85,429.15,38,7649,25.36
89.8,429.14,38,7687,25.48
89.75,428.88,38,7725,25.61
89.7,428.43,38,7763,25.73
89.65,427.92,37,7800,25.86
89.6,427.51,37,7837,25.98
89.55,427.21,37,7874,26.1
89.5,426.94,37,7911,26.22
89.45,426.68,37,7948,26.35
89.4,426.4,37,7985,26.47
89.35,426.08,37,8022,26.59
89.3,425.77,37,8059,26.71
89.25,425.5,37,8096,26.84
89.2,425.32,37,8133,26.96
89.15,425.16,37,8170,27.08
89.1,425.01,37,8207,27.21
89.05,424.85,37,8244,27.33
89.0,424.67,37,8281,27.45
88.95,424.39,37,8318,27.57
88.9,424.07,37,8355,27.7
88.85,423.81,37,8392,27.82
88.8,423.53,37,8429,27.94
88.75,422.87,37,8466,28.06
88.7,422.7,37,8503,28.19
88.65,422.66,37,8540,28.31
88.6,422.19,37,8577,28.43
88.55,421.69,37,8614,28.55
88.5,421.3,37,8651,28.68
88.45,421.15,37,8688,28.8
88.4,421.09,37,8725,28.92
88.35,420.95,37,8762,29.04
88.3,420.7,37,8799,29.17
88.25,420.42,37,8836,29.29
88.2,420.15,37,8873,29.41
88.15,419.87,37,8910,29.54
88.1,419.3,37,8947,29.66
88.05,419.29,37,8984,29.78
88.0,419.02,36,9020,29.9
87.95,418.74,37,9057,30.02
87.9,418.45,37,9094,30.15
87.85,418.14,37,9131,30.27
87.8,417.87,37,9168,30.39
87.75,417.54,37,9205,30.51
87.7,417.22,37,9242,30.64
87.65,416.97,37,9279,30.76
87.6,416.8,37,9316,30.88
87.55,416.53,37,9353,31.0
87.5,416.2,37,9390,31.13
87.45,415.87,37,9427,31.25
87.4,415.58,37,9464,31.37
87.35,415.32,37,9501,31.49
87.3,414.97,37,9538,31.62
87.25,414.34,37,9575,31.74
87.2,414.12,36,9611,31.86
87.15,414.11,36,9647,31.98
87.1,413.87,36,9683,32.1
87.05,413.43,36,9719,32.22
87.0,412.91,36,9755,32.34
86.95,412.49,37,9792,32.46
86.9,412.37,37,9829,32.58
86.85,412.36,37,9866,32.7
86.8,412.21,37,9903,32.83
86.75,411.89,37,9940,32.95
86.7,411.62,37,9977,33.07
86.65,410.83,37,10014,33.2
86.6,410.62,37,10051,33.32
86.55,410.41,37,10088,33.44
86.5,410.25,37,10125,33.56
86.45,410.09,37,10162,33.69
86.4,409.9,37,10199,33.81
86.35,409.67,36,10235,33.93
86.3,409.38,36,10271,34.05
86.25,409.06,36,10307,34.17
86.2,408.76,36,10343,34.29
86.15,408.49,36,10379,34.41
86.1,408.19,36,10415,34.52
86.05,407.88,36,10451,34.64
86.0,407.55,36,10487,34.76
85.95,407.22,37,10524,34.89
85.9,406.88,37,10561,35.01
85.85,406.54,37,10598,35.13
85.8,406.21,37,10635,35.25
85.75,405.89,37,10672,35.38
85.7,405.59,37,10709,35.5
85.65,405.31,37,10746,35.62
85.6,405.06,37,10783,35.74
85.55,404.85,37,10820,35.87
85.5,404.67,37,10857,35.99
85.45,404.48,37,10894,36.11
85.4,404.24,37,10931,36.23
85.35,403.68,36,10967,36.35
85.3,403.13,36,11003,36.47
85.25,402.8,36,11039,36.59
85.2,402.52,36,11075,36.71
85.15,402.35,36,11111,36.83
85.1,402.24,36,11147,36.95
85.05,402.13,36,11183,37.07
85.0,401.71,36,11219,37.19
84.95,401.12,37,11256,37.31
84.9,400.83,37,11293,37.43
84.85,400.55,37,11330,37.56
84.8,400.23,37,11367,37.68
84.75,399.91,36,11403,37.8
84.7,399.6,36,11439,37.92
84.65,399.29,36,11475,38.04
84.6,399.01,36,11511,38.16
84.55,398.81,36,11547,38.28
84.5,398.8,36,11583,38.4
84.45,398.79,36,11619,38.52
84.4,398.52,36,11655,38.63
84.35,398.22,36,11691,38.75
84.3,397.94,36,11727,38.87
84.25,397.65,36,11763,38.99
84.2,397.36,36,11799,39.11
84.15,397.08,36,11835,39.23
84.1,396.81,36,11871,39.35
84.05,396.53,36,11907,39.47
84.0,396.24,36,11943,39.59
83.95,395.92,36,11979,39.71
83.9,395.5,36,12015,39.83
83.85,395.02,36,12051,39.95
83.8,394.57,36,12087,40.07
83.75,394.24,36,12123,40.19
83.7,394.09,36,12159,40.31
83.65,393.99,36,12195,40.42
83.6,393.87,36,12231,40.54
83.55,393.69,36,12267,40.66
83.5,393.42,36,12303,40.78
83.45,393.08,36,12339,40.9
83.4,392.7,36,12375,41.02
83.35,392.29,36,12411,41.14
83.3,391.88,36,12447,41.26
83.25,391.5,35,12482,41.38
83.2,391.14,35,12517,41.49
83.15,390.8,35,12552,41.61
83.1,390.47,35,12587,41.72
83.05,390.17,35,12622,41.84
83.0,389.97,35,12657,41.96
82.95,389.96,36,12693,42.08
82.9,389.92,36,12729,42.2
82.85,389.72,36,12765,42.31
82.8,389.45,36,12801,42.43
82.75,389.15,36,12837,42.55
82.7,388.83,36,12873,42.67
82.65,388.52,36,12909,42.79
82.6,388.22,36,12945,42.91
82.55,387.9,35,12980,43.03
82.5,387.56,35,13015,43.14
82.45,387.21,35,13050,43.26
82.4,386.84,35,13085,43.38
82.35,386.46,35,13120,43.49
82.3,386.09,35,13155,43.61
82.25,385.74,35,13190,43.72
82.2,385.41,35,13225,43.84
82.15,385.1,35,13260,43.96
82.1,384.97,35,13295,44.07
82.05,384.96,35,13330,44.19
82.0,384.8,35,13365,44.3
81.95,384.39,35,13400,44.42
81.9,383.88,35,13435,44.54
81.85,383.42,35,13470,44.65
81.8,383.1,35,13505,44.77
81.75,382.83,35,13540,44.88
81.7,382.52,35,13575,45.0
81.65,382.24,35,13610,45.12
81.6,382.08,35,13645,45.23
81.55,382.01,35,13680,45.35
81.5,381.91,35,13715,45.46
81.45,381.68,35,13750,45.58
81.4,381.33,35,13785,45.7
81.35,380.9,35,13820,45.81
81.3,380.45,35,13855,45.93
81.25,380.02,35,13890,46.04
81.2,379.66,35,13925,46.16
81.15,379.34,35,13960,46.28
81.1,379.1,35,13995,46.39
81.05,379.02,35,14030,46.51
81.0,378.97,34,14064,46.62
80.95,378.82,35,14099,46.74
80.9,378.59,35,14134,46.85
80.85,378.25,35,14169,46.97
80.8,377.32,35,14204,47.08
80.75,376.97,35,14239,47.2
80.7,376.84,35,14274,47.32
80.65,376.83,35,14309,47.43
80.6,376.82,35,14344,47.55
80.55,376.59,35,14379,47.66
80.5,376.31,35,14414,47.78
80.45,376.0,35,14449,47.9
80.4,375.68,35,14484,48.01
80.35,375.35,35,14519,48.13
80.3,375.04,35,14554,48.24
80.25,374.76,34,14588,48.36
80.2,374.49,34,14622,48.47
80.15,374.22,34,14656,48.58
80.1,373.94,34,14690,48.7
80.05,373.65,34,14724,48.81
80.0,373.35,34,14758,48.92
79.95,372.99,34,14792,49.03
79.9,372.55,34,14826,49.15
79.85,372.11,34,14860,49.26
79.8,371.7,34,14894,49.37
79.75,371.38,34,14928,49.48
79.7,371.11,34,14962,49.6
79.65,370.84,34,14996,49.71
79.6,370.56,34,15030,49.82
79.55,370.26,34,15064,49.94
79.5,369.97,34,15098,50.05
79.45,369.68,34,15132,50.16
79.4,369.39,34,15166,50.27
79.35,369.09,34,15200,50.39
79.3,368.84,34,15234,50.5
79.25,368.72,34,15268,50.61
79.2,368.6,34,15302,50.72
79.15,368.46,34,15336,50.84
79.1,367.69,34,15370,50.95
79.05,367.38,33,15403,51.06
79.0,367.14,33,15436,51.17
78.95,366.85,34,15470,51.28
78.9,366.62,34,15504,51.39
78.85,366.51,34,15538,51.51
78.8,366.32,34,15572,51.62
78.75,366.04,34,15606,51.73
78.7,365.71,34,15640,51.84
78.65,365.34,34,15674,51.96
78.6,364.97,34,15708,52.07
78.55,364.61,34,15742,52.18
78.5,364.28,33,15775,52.29
78.45,363.99,33,15808,52.4
78.4,363.72,33,15841,52.51
78.35,363.45,33,15874,52.62
78.3,363.17,33,15907,52.73
78.25,362.87,33,15940,52.84
78.2,362.56,33,15973,52.95
78.15,362.26,33,16006,53.06
78.1,361.96,33,16039,53.17
78.05,361.72,33,16072,53.28
78.0,361.71,33,16105,53.39
77.95,361.7,33,16138,53.5
77.9,361.41,33,16171,53.6
77.85,361.01,33,16204,53.71
77.8,360.55,33,16237,53.82
77.75,360.11,33,16270,53.93
77.7,359.77,33,16303,54.04
77.65,359.48,33,16336,54.15
77.6,359.47,33,16369,54.26
77.55,359.46,33,16402,54.37
77.5,359.11,33,16435,54.48
77.45,358.51,33,16468,54.59
77.4,358.08,33,16501,54.7
77.35,357.77,33,16534,54.81
77.3,357.49,33,16567,54.92
77.25,357.24,33,16600,55.03
77.2,357.0,32,16632,55.13
77.15,356.78,32,16664,55.24
77.1,356.58,32,16696,55.35
77.05,356.38,32,16728,55.45
77.0,356.18,32,16760,55.56
76.95,355.97,33,16793,55.67
76.9,355.75,33,16826,55.78
76.85,355.52,33,16859,55.89
76.8,355.26,32,16891,55.99
76.75,354.84,32,16923,56.1
76.7,354.34,32,16955,56.2
76.65,354.17,32,16987,56.31
76.6,354.16,32,17019,56.42
76.55,353.95,32,17051,56.52
76.5,353.63,32,17083,56.63
76.45,352.79,32,17115,56.73
76.4,352.49,32,17147,56.84
76.35,352.24,32,17179,56.95
76.3,352.02,32,17211,57.05
76.25,351.82,32,17243,57.16
76.2,351.64,32,17275,57.26
76.15,351.46,32,17307,57.37
76.1,351.27,32,17339,57.48
76.05,351.06,32,17371,57.58
76.0,350.81,32,17403,57.69
75.95,350.51,32,17435,57.79
75.9,349.81,32,17467,57.9
75.85,349.42,32,17499,58.01
75.8,349.06,32,17531,58.11
75.75,348.72,32,17563,58.22
75.7,348.4,32,17595,58.33
75.65,348.1,32,17627,58.43
75.6,347.82,32,17659,58.54
75.55,347.57,31,17690,58.64
75.5,347.34,31,17721,58.74
75.45,347.1,31,17752,58.85
75.4,346.89,31,17783,58.95
75.35,346.76,31,17814,59.05
75.3,346.75,31,17845,59.15
75.25,346.64,31,17876,59.26
75.2,346.14,31,17907,59.36
75.15,345.7,31,17938,59.46
75.1,345.39,31,17969,59.57
75.05,345.09,31,18000,59.67
75.0,344.81,31,18031,59.77
74.95,344.56,31,18062,59.87
74.9,344.3,31,18093,59.98
74.85,344.04,31,18124,60.08
74.8,343.78,31,18155,60.18
74.75,343.51,31,18186,60.28
74.7,343.23,31,18217,60.39
74.65,342.96,31,18248,60.49
74.6,342.69,31,18279,60.59
74.55,342.43,31,18310,60.7
74.5,342.17,31,18341,60.8
74.45,341.91,31,18372,60.9
74.4,341.65,31,18403,61.0
74.35,341.4,31,18434,61.11
74.3,341.13,31,18465,61.21
74.25,340.87,30,18495,61.31
74.2,340.61,30,18525,61.41
74.15,340.34,30,18555,61.51
74.1,340.08,30,18585,61.61
74.05,339.81,30,18615,61.71
74.0,339.55,30,18645,61.81
73.95,339.28,30,18675,61.91
73.9,339.01,30,18705,62.0
73.85,338.74,30,18735,62.1
73.8,338.48,30,18765,62.2
73.75,338.21,30,18795,62.3
73.7,337.94,30,18825,62.4
73.65,337.67,30,18855,62.5
73.6,337.41,30,18885,62.6
73.55,337.14,30,18915,62.7
73.5,336.88,30,18945,62.8
73.45,336.61,30,18975,62.9
73.4,336.35,30,19005,63.0
73.35,336.09,30,19035,63.1
73.3,335.83,30,19065,63.2
73.25,335.56,30,19095,63.3
73.2,335.3,30,19125,63.4
73.15,335.05,29,19154,63.49
73.1,334.8,29,19183,63.59
73.05,334.53,29,19212,63.69
73.0,334.26,29,19241,63.78
72.95,333.99,29,19270,63.88
72.9,333.71,29,19299,63.97
72.85,333.42,29,19328,64.07
72.8,333.15,29,19357,64.17
72.75,332.9,29,19386,64.26
72.7,332.9,29,19415,64.36
72.65,332.89,29,19444,64.45
72.6,332.19,29,19473,64.55
72.55,331.89,29,19502,64.65
72.5,331.68,29,19531,64.74
72.45,331.67,29,19560,64.84
72.4,331.66,29,19589,64.94
72.35,331.36,29,19618,65.03
72.3,330.94,29,19647,65.13
72.25,330.5,29,19676,65.22
72.2,330.16,29,19705,65.32
72.15,329.86,29,19734,65.42
72.1,329.58,29,19763,65.51
72.05,329.31,28,19791,65.6
72.0,329.04,28,19819,65.7
71.95,328.77,29,19848,65.79
71.9,328.51,28,19876,65.89
71.85,328.25,28,19904,65.98
71.8,328.02,28,19932,66.07
71.75,327.79,28,19960,66.17
71.7,327.55,28,19988,66.26
71.65,327.3,28,20016,66.35
71.6,327.06,28,20044,66.44
71.55,326.83,28,20072,66.54
71.5,326.61,28,20100,66.63
71.45,326.37,28,20128,66.72
71.4,326.11,28,20156,66.81
71.35,325.86,28,20184,66.91
71.3,325.61,28,20212,67.0
71.25,325.37,28,20240,67.09
71.2,325.12,28,20268,67.19
71.15,324.87,28,20296,67.28
71.1,324.6,28,20324,67.37
71.05,324.34,28,20352,67.46
71.0,324.08,28,20380,67.56
70.95,323.84,27,20407,67.65
70.9,323.64,27,20434,67.74
70.85,323.46,27,20461,67.83
70.8,323.29,27,20488,67.92
70.75,323.12,27,20515,68.0
70.7,322.95,27,20542,68.09
70.65,322.77,27,20569,68.18
70.6,322.57,27,20596,68.27
70.55,322.26,27,20623,68.36
70.5,321.83,27,20650,68.45
70.45,321.42,27,20677,68.54
70.4,321.11,27,20704,68.63
70.35,320.84,27,20731,68.72
70.3,320.58,27,20758,68.81
70.25,320.33,27,20785,68.9
70.2,320.09,27,20812,68.99
70.15,319.86,27,20839,69.08
70.1,319.63,27,20866,69.17
70.05,319.4,27,20893,69.26
70.0,319.17,27,20920,69.35
69.95,318.93,26,20946,69.43
69.9,318.69,26,20972,69.52
69.85,318.44,26,20998,69.61
69.8,318.2,26,21024,69.69
69.75,317.95,26,21050,69.78
69.7,317.71,26,21076,69.86
69.65,317.45,26,21102,69.95
69.6,317.18,26,21128,70.04
69.55,316.94,26,21154,70.12
69.5,316.74,26,21180,70.21
69.45,316.61,26,21206,70.3
69.4,316.52,26,21232,70.38
69.35,316.42,26,21258,70.47
69.3,316.27,26,21284,70.55
69.25,315.96,26,21310,70.64
69.2,315.55,26,21336,70.73
69.15,315.15,26,21362,70.81
69.1,314.84,26,21388,70.9
69.05,314.75,25,21413,70.98
69.0,314.65,25,21438,71.06
68.95,314.49,25,21463,71.15
68.9,314.32,25,21488,71.23
68.85,314.13,25,21513,71.31
68.8,313.93,25,21538,71.4
68.75,313.72,25,21563,71.48
68.7,313.5,25,21588,71.56
68.65,313.26,25,21613,71.64
68.6,313.02,25,21638,71.73
68.55,312.78,25,21663,71.81
68.5,312.53,25,21688,71.89
68.45,312.27,25,21713,71.98
68.4,312.01,25,21738,72.06
68.35,311.75,25,21763,72.14
68.3,311.5,25,21788,72.22
68.25,311.24,25,21813,72.31
68.2,310.98,24,21837,72.39
68.15,310.73,24,21861,72.47
68.1,310.49,24,21885,72.55
68.05,310.24,24,21909,72.63
68.0,310.0,24,21933,72.71
67.95,309.76,24,21957,72.78
67.9,309.53,24,21981,72.86
67.85,309.27,24,22005,72.94
67.8,308.5,24,22029,73.02
67.75,308.14,24,22053,73.1
67.7,307.8,24,22077,73.18
67.65,307.49,24,22101,73.26
67.6,307.19,24,22125,73.34
67.55,306.91,24,22149,73.42
67.5,306.65,24,22173,73.5
67.45,306.39,24,22197,73.58
67.4,306.15,24,22221,73.66
67.35,305.92,24,22245,73.74
67.3,305.71,24,22269,73.82
67.25,305.52,24,22293,73.9
67.2,305.33,23,22316,73.97
67.15,305.15,23,22339,74.05
67.1,304.97,23,22362,74.13
67.05,304.8,23,22385,74.2
67.0,304.61,23,22408,74.28
66.95,304.42,23,22431,74.36
66.9,304.23,23,22454,74.43
66.85,304.05,23,22477,74.51
66.8,303.87,23,22500,74.58
66.75,303.68,23,22523,74.66
66.7,303.48,23,22546,74.74
66.65,303.27,23,22569,74.81
66.6,303.05,23,22592,74.89
66.55,302.82,23,22615,74.97
66.5,302.6,23,22638,75.04
66.45,302.38,23,22661,75.12
66.4,302.16,23,22684,75.19
66.35,301.95,23,22707,75.27
66.3,301.73,22,22729,75.34
66.25,301.52,22,22751,75.42
66.2,301.31,22,22773,75.49
66.15,301.1,22,22795,75.56
66.1,300.89,22,22817,75.64
66.05,300.69,22,22839,75.71
66.0,300.49,22,22861,75.78
65.95,300.29,22,22883,75.85
65.9,300.09,22,22905,75.93
65.85,299.89,22,22927,76.0
65.8,299.68,22,22949,76.07
65.75,299.46,22,22971,76.15
65.7,299.25,22,22993,76.22
65.65,299.03,22,23015,76.29
65.6,298.82,22,23037,76.36
65.55,298.6,22,23059,76.44
65.5,298.39,22,23081,76.51
65.45,298.17,22,23103,76.58
65.4,297.95,22,23125,76.66
65.35,297.73,21,23146,76.73
65.3,297.52,21,23167,76.8
65.25,297.3,21,23188,76.87
65.2,297.08,21,23209,76.94
65.15,296.85,21,23230,77.0
65.1,296.62,21,23251,77.07
65.05,296.38,21,23272,77.14
65.0,296.13,21,23293,77.21
64.95,295.86,21,23314,77.28
64.9,295.57,21,23335,77.35
64.85,295.26,21,23356,77.42
64.8,294.95,21,23377,77.49
64.75,294.65,21,23398,77.56
64.7,294.36,21,23419,77.63
64.65,294.1,21,23440,77.7
64.6,293.85,21,23461,77.77
64.55,293.61,21,23482,77.84
64.5,293.37,21,23503,77.91
64.45,293.14,21,23524,77.98
64.4,292.91,21,23545,78.05
64.35,292.68,21,23566,78.12
64.3,292.46,20,23586,78.18
64.25,292.24,20,23606,78.25
64.2,292.02,20,23626,78.32
64.15,291.8,20,23646,78.38
64.1,291.59,20,23666,78.45
64.05,291.37,20,23686,78.52
64.0,291.16,20,23706,78.58
63.95,290.94,20,23726,78.65
63.9,290.73,20,23746,78.72
63.85,290.52,20,23766,78.78
63.8,290.3,20,23786,78.85
63.75,290.09,20,23806,78.91
63.7,289.87,20,23826,78.98
63.65,289.65,20,23846,79.05
63.6,289.43,20,23866,79.11
63.55,289.2,20,23886,79.18
63.5,288.98,20,23906,79.25
63.45,288.75,20,23926,79.31
63.4,288.52,20,23946,79.38
63.35,288.3,20,23966,79.44
63.3,288.06,20,23986,79.51
63.25,287.83,20,24006,79.58
63.2,287.61,20,24026,79.64
63.15,287.4,19,24045,79.71
63.1,287.18,19,24064,79.77
63.05,286.97,19,24083,79.83
63.0,286.77,19,24102,79.9
62.95,286.57,19,24121,79.96
62.9,286.38,19,24140,80.02
62.85,286.2,19,24159,80.08
62.8,286.02,19,24178,80.15
62.75,285.85,19,24197,80.21
62.7,285.67,19,24216,80.27
62.65,285.5,19,24235,80.34
62.6,285.32,19,24254,80.4
62.55,285.15,19,24273,80.46
62.5,284.96,19,24292,80.53
62.45,284.75,19,24311,80.59
62.4,284.52,19,24330,80.65
62.35,284.28,19,24349,80.71
62.3,284.03,19,24368,80.78
62.25,283.77,19,24387,80.84
62.2,283.49,18,24405,80.9
62.15,283.22,18,24423,80.96
62.1,282.94,18,24441,81.02
62.05,282.68,18,24459,81.08
62.0,282.43,18,24477,81.14
61.95,282.19,18,24495,81.2
61.9,281.96,18,24513,81.26
61.85,281.72,18,24531,81.32
61.8,281.49,18,24549,81.38
61.75,281.26,18,24567,81.44
61.7,281.03,18,24585,81.5
61.65,280.81,18,24603,81.56
61.6,280.59,18,24621,81.62
61.55,280.38,18,24639,81.68
61.5,280.18,18,24657,81.74
61.45,279.97,18,24675,81.79
61.4,279.76,18,24693,81.85
61.35,279.55,18,24711,81.91
61.3,279.33,18,24729,81.97
61.25,279.12,18,24747,82.03
61.2,278.91,18,24765,82.09
61.15,278.69,18,24783,82.15
61.1,278.48,18,24801,82.21
61.05,278.27,18,24819,82.27
61.0,278.07,17,24836,82.33
60.95,277.86,18,24854,82.39
60.9,277.66,18,24872,82.45
60.85,277.45,17,24889,82.5
60.8,277.24,17,24906,82.56
60.75,277.03,17,24923,82.62
60.7,276.81,17,24940,82.67
60.65,276.59,17,24957,82.73
60.6,276.36,17,24974,82.79
60.55,276.14,17,24991,82.84
60.5,275.91,17,25008,82.9
60.45,275.69,17,25025,82.95
60.4,275.47,17,25042,83.01
60.35,275.25,17,25059,83.07
60.3,275.03,17,25076,83.12
60.25,274.82,17,25093,83.18
60.2,274.61,17,25110,83.24
60.15,274.41,17,25127,83.29
60.1,274.22,17,25144,83.35
60.05,274.03,17,25161,83.41
60.0,273.85,17,25178,83.46
59.95,273.68,17,25195,83.52
59.9,273.51,17,25212,83.57
59.85,273.35,17,25229,83.63
59.8,273.19,17,25246,83.69
59.75,273.03,17,25263,83.74
59.7,272.87,17,25280,83.8
59.65,272.71,16,25296,83.85
59.6,272.54,16,25312,83.91
59.55,272.36,16,25328,83.96
59.5,272.17,16,25344,84.01
59.45,271.98,16,25360,84.07
59.4,271.77,16,25376,84.12
59.35,271.54,16,25392,84.17
59.3,271.32,16,25408,84.22
59.25,271.1,16,25424,84.28
59.2,270.87,16,25440,84.33
59.15,270.65,16,25456,84.38
59.1,270.42,16,25472,84.44
59.05,270.19,16,25488,84.49
59.0,269.96,16,25504,84.54
58.95,269.73,16,25520,84.6
58.9,269.5,16,25536,84.65
58.85,269.26,16,25552,84.7
58.8,269.03,16,25568,84.75
58.75,268.79,16,25584,84.81
58.7,268.56,16,25600,84.86
58.65,268.33,16,25616,84.91
58.6,268.09,16,25632,84.97
58.55,267.86,15,25647,85.02
58.5,267.63,15,25662,85.07
58.45,267.41,15,25677,85.12
58.4,267.19,15,25692,85.17
58.35,266.98,15,25707,85.22
58.3,266.77,15,25722,85.27
58.25,266.57,15,25737,85.32
58.2,266.35,15,25752,85.36
58.15,266.15,15,25767,85.41
58.1,265.95,15,25782,85.46
58.05,265.75,15,25797,85.51
58.0,265.55,15,25812,85.56
57.95,265.36,15,25827,85.61
57.9,265.17,15,25842,85.66
57.85,264.97,15,25857,85.71
57.8,264.78,15,25872,85.76
57.75,264.59,15,25887,85.81
57.7,264.4,15,25902,85.86
57.65,264.21,15,25917,85.91
57.6,264.02,15,25932,85.96
57.55,263.83,15,25947,86.01
57.5,263.64,15,25962,86.06
57.45,263.45,15,25977,86.11
57.4,263.26,15,25992,86.16
57.35,263.07,14,26006,86.21
57.3,262.89,14,26020,86.25
57.25,262.7,14,26034,86.3
57.2,262.51,14,26048,86.35
57.15,262.32,14,26062,86.39
57.1,262.13,14,26076,86.44
57.05,261.94,14,26090,86.49
57.0,261.76,14,26104,86.53
56.95,261.57,14,26118,86.58
56.9,261.38,14,26132,86.62
56.85,261.19,14,26146,86.67
56.8,261.0,14,26160,86.72
56.75,260.82,14,26174,86.76
56.7,260.63,14,26188,86.81
56.65,260.44,14,26202,86.86
56.6,260.25,14,26216,86.9
56.55,260.06,14,26230,86.95
56.5,259.87,14,26244,87.0
56.45,259.68,14,26258,87.04
56.4,259.49,14,26272,87.09
56.35,259.3,14,26286,87.13
56.3,259.11,14,26300,87.18
56.25,258.91,14,26314,87.23
56.2,258.72,14,26328,87.27
56.15,258.53,14,26342,87.32
56.1,258.34,14,26356,87.37
56.05,258.14,13,26369,87.41
56.0,257.95,13,26382,87.45
55.95,257.75,14,26396,87.5
55.9,257.56,14,26410,87.55
55.85,257.37,14,26424,87.59
55.8,257.17,13,26437,87.64
55.75,256.98,13,26450,87.68
55.7,256.79,13,26463,87.72
55.65,256.59,13,26476,87.76
55.6,256.4,13,26489,87.81
55.55,256.21,13,26502,87.85
55.5,256.01,13,26515,87.89
55.45,255.82,13,26528,87.94
55.4,255.62,13,26541,87.98
55.35,255.42,13,26554,88.02
55.3,255.23,13,26567,88.07
55.25,255.03,13,26580,88.11
55.2,254.83,13,26593,88.15
55.15,254.64,13,26606,88.2
55.1,254.44,13,26619,88.24
55.05,254.24,13,26632,88.28
55.0,254.05,13,26645,88.32
54.95,253.85,13,26658,88.37
54.9,253.65,13,26671,88.41
54.85,253.45,13,26684,88.45
54.8,253.25,13,26697,88.5
54.75,253.05,13,26710,88.54
54.7,252.84,13,26723,88.58
54.65,252.64,13,26736,88.63
54.6,252.43,13,26749,88.67
54.55,252.22,13,26762,88.71
54.5,252.01,13,26775,88.76
54.45,251.79,12,26787,88.8
54.4,251.58,12,26799,88.84
54.35,251.37,12,26811,88.88
54.3,251.15,12,26823,88.92
54.25,250.94,12,26835,88.95
54.2,250.72,12,26847,88.99
54.15,250.51,12,26859,89.03
54.1,250.3,12,26871,89.07
54.05,250.08,12,26883,89.11
54.0,249.87,12,26895,89.15
53.95,249.66,12,26907,89.19
53.9,249.45,12,26919,89.23
53.85,249.24,12,26931,89.27
53.8,249.03,12,26943,89.31
53.75,248.82,12,26955,89.35
53.7,248.61,12,26967,89.39
53.65,248.41,12,26979,89.43
53.6,248.21,12,26991,89.47
53.55,248.01,12,27003,89.51
53.5,247.81,12,27015,89.55
53.45,247.62,12,27027,89.59
53.4,247.43,12,27039,89.63
53.35,247.24,12,27051,89.67
53.3,247.06,12,27063,89.71
53.25,246.88,12,27075,89.75
53.2,246.7,12,27087,89.79
53.15,246.53,12,27099,89.83
53.1,246.36,12,27111,89.87
53.05,246.19,11,27122,89.91
53.0,246.04,11,27133,89.94
52.95,245.89,12,27145,89.98
52.9,245.74,12,27157,90.02
52.85,245.59,11,27168,90.06
52.8,245.44,11,27179,90.1
52.75,245.3,11,27190,90.13
52.7,245.14,11,27201,90.17
52.65,244.99,11,27212,90.2
52.6,244.82,11,27223,90.24
52.55,244.65,11,27234,90.28
52.5,244.47,11,27245,90.31
52.45,244.25,11,27256,90.35
52.4,244.02,11,27267,90.39
52.35,243.77,11,27278,90.42
52.3,243.51,11,27289,90.46
52.25,243.26,11,27300,90.5
52.2,243.01,11,27311,90.53
52.15,242.78,11,27322,90.57
52.1,242.57,11,27333,90.61
52.05,242.38,11,27344,90.64
52.0,242.22,11,27355,90.68
51.95,242.07,11,27366,90.72
51.9,241.93,11,27377,90.75
51.85,241.8,11,27388,90.79
51.8,241.67,11,27399,90.82
51.75,241.53,11,27410,90.86
51.7,241.39,11,27421,90.9
51.65,241.25,11,27432,90.93
51.6,241.09,11,27443,90.97
51.55,240.93,11,27454,91.01
51.5,240.76,11,27465,91.04
51.45,240.57,10,27475,91.08
51.4,240.39,10,27485,91.11
51.35,240.19,10,27495,91.14
51.3,239.99,10,27505,91.18
51.25,239.79,10,27515,91.21
51.2,239.58,10,27525,91.24
51.15,239.35,10,27535,91.28
51.1,239.1,10,27545,91.31
51.05,238.85,10,27555,91.34
51.0,238.59,10,27565,91.37
50.95,238.33,10,27575,91.41
50.9,238.1,10,27585,91.44
50.85,237.88,10,27595,91.47
50.8,237.67,10,27605,91.51
50.75,237.46,10,27615,91.54
50.7,237.25,10,27625,91.57
50.65,237.04,10,27635,91.61
50.6,236.84,10,27645,91.64
50.55,236.64,10,27655,91.67
50.5,236.44,10,27665,91.71
50.45,236.24,10,27675,91.74
50.4,236.05,10,27685,91.77
50.35,235.85,10,27695,91.81
50.3,235.66,10,27705,91.84
50.25,235.47,10,27715,91.87
50.2,235.28,10,27725,91.91
50.15,235.1,10,27735,91.94
50.1,234.91,10,27745,91.97
50.05,234.73,10,27755,92.0
50.0,234.54,9,27764,92.03
49.95,234.36,10,27774,92.07
49.9,234.18,10,27784,92.1
49.85,234.0,10,27794,92.13
49.8,233.82,10,27804,92.17
49.75,233.64,10,27814,92.2
49.7,233.46,10,27824,92.23
49.65,233.29,9,27833,92.26
49.6,233.11,9,27842,92.29
49.55,232.94,9,27851,92.32
49.5,232.76,9,27860,92.35
49.45,232.58,9,27869,92.38
49.4,232.41,9,27878,92.41
49.35,232.23,9,27887,92.44
49.3,232.06,9,27896,92.47
49.25,231.89,9,27905,92.5
49.2,231.71,9,27914,92.53
49.15,231.54,9,27923,92.56
49.1,231.36,9,27932,92.59
49.05,231.19,9,27941,92.62
49.0,231.01,9,27950,92.65
48.95,230.84,9,27959,92.68
48.9,230.66,9,27968,92.71
48.85,230.48,9,27977,92.74
48.8,230.31,9,27986,92.77
48.75,230.13,9,27995,92.8
48.7,229.95,9,28004,92.83
48.65,229.77,9,28013,92.86
48.6,229.59,9,28022,92.89
48.55,229.41,9,28031,92.92
48.5,229.22,9,28040,92.95
48.45,229.04,9,28049,92.98
48.4,228.86,9,28058,93.01
48.35,228.68,9,28067,93.04
48.3,228.5,9,28076,93.07
48.25,228.31,9,28085,93.1
48.2,228.13,9,28094,93.13
48.15,227.95,9,28103,93.16
48.1,227.77,8,28111,93.18
48.05,227.58,8,28119,93.21
48.0,227.4,8,28127,93.24
47.95,227.22,9,28136,93.27
47.9,227.04,9,28145,93.3
47.85,226.85,9,28154,93.33
47.8,226.67,9,28163,93.36
47.75,226.48,9,28172,93.39
47.7,226.3,9,28181,93.42
47.65,226.12,8,28189,93.44
47.6,225.93,8,28197,93.47
47.55,225.75,8,28205,93.5
47.5,225.57,8,28213,93.52
47.45,225.39,8,28221,93.55
47.4,225.2,8,28229,93.58
47.35,225.02,8,28237,93.6
47.3,224.84,8,28245,93.63
47.25,224.66,8,28253,93.66
47.2,224.48,8,28261,93.68
47.15,224.3,8,28269,93.71
47.1,224.12,8,28277,93.73
47.05,223.93,8,28285,93.76
47.0,223.75,8,28293,93.79
46.95,223.57,8,28301,93.81
46.9,223.39,8,28309,93.84
46.85,223.21,8,28317,93.87
46.8,223.03,8,28325,93.89
46.75,222.84,8,28333,93.92
46.7,222.66,8,28341,93.95
46.65,222.47,8,28349,93.97
46.6,222.27,8,28357,94.0
46.55,222.08,8,28365,94.03
46.5,221.88,8,28373,94.05
46.45,221.68,8,28381,94.08
46.4,221.48,8,28389,94.11
46.35,221.28,8,28397,94.13
46.3,221.08,8,28405,94.16
46.25,220.87,8,28413,94.19
46.2,220.66,8,28421,94.21
46.15,220.46,8,28429,94.24
46.1,220.25,7,28436,94.26
46.05,220.04,7,28443,94.29
46.0,219.83,7,28450,94.31
45.95,219.62,8,28458,94.33
45.9,219.41,8,28466,94.36
45.85,219.2,8,28474,94.39
45.8,218.99,8,28482,94.41
45.75,218.78,8,28490,94.44
45.7,218.58,7,28497,94.46
45.65,218.37,7,28504,94.49
45.6,218.16,7,28511,94.51
45.55,217.96,7,28518,94.53
45.5,217.76,7,28525,94.56
45.45,217.55,7,28532,94.58
45.4,217.35,7,28539,94.6
45.35,217.16,7,28546,94.63
45.3,216.96,7,28553,94.65
45.25,216.77,7,28560,94.67
45.2,216.58,7,28567,94.7
45.15,216.39,7,28574,94.72
45.1,216.2,7,28581,94.74
45.05,216.02,7,28588,94.77
45.0,215.84,7,28595,94.79
44.95,215.67,7,28602,94.81
44.9,215.49,7,28609,94.84
44.85,215.33,7,28616,94.86
44.8,215.16,7,28623,94.88
44.75,215.0,7,28630,94.91
44.7,214.85,7,28637,94.93
44.65,214.7,7,28644,94.95
44.6,214.55,7,28651,94.97
44.55,214.41,7,28658,95.0
44.5,214.28,7,28665,95.02
44.45,214.15,7,28672,95.04
44.4,214.02,7,28679,95.07
44.35,213.9,7,28686,95.09
44.3,213.79,7,28693,95.11
44.25,213.68,7,28700,95.14
44.2,213.58,6,28706,95.16
44.15,213.49,6,28712,95.18
44.1,213.4,6,28718,95.2
44.05,213.32,6,28724,95.22
44.0,213.24,6,28730,95.24
43.95,213.14,7,28737,95.26
43.9,213.0,7,28744,95.28
43.85,212.82,7,28751,95.31
43.8,212.6,7,28758,95.33
43.75,212.37,7,28765,95.35
43.7,212.11,7,28772,95.38
43.65,211.85,7,28779,95.4
43.6,211.6,7,28786,95.42
43.55,211.35,6,28792,95.44
43.5,211.12,6,28798,95.46
43.45,210.92,6,28804,95.48
43.4,210.72,6,28810,95.5
43.35,210.52,6,28816,95.52
43.3,210.32,6,28822,95.54
43.25,210.13,6,28828,95.56
43.2,209.93,6,28834,95.58
43.15,209.74,6,28840,95.6
43.1,209.54,6,28846,95.62
43.05,209.35,6,28852,95.64
43.0,209.16,6,28858,95.66
42.95,208.97,6,28864,95.68
42.9,208.78,6,28870,95.7
42.85,208.59,6,28876,95.72
42.8,208.4,6,28882,95.74
42.75,208.21,6,28888,95.76
42.7,208.02,6,28894,95.78
42.65,207.84,6,28900,95.8
42.6,207.65,6,28906,95.82
42.55,207.47,6,28912,95.84
42.5,207.28,6,28918,95.86
42.45,207.1,6,28924,95.88
42.4,206.91,6,28930,95.9
42.35,206.73,6,28936,95.92
42.3,206.55,6,28942,95.94
42.25,206.37,6,28948,95.96
42.2,206.19,6,28954,95.98
42.15,206.01,6,28960,96.0
42.1,205.83,6,28966,96.02
42.05,205.65,5,28971,96.04
42.0,205.47,5,28976,96.05
41.95,205.29,6,28982,96.07
41.9,205.11,6,28988,96.09
41.85,204.94,6,28994,96.11
41.8,204.76,6,29000,96.13
41.75,204.58,6,29006,96.15
41.7,204.41,6,29012,96.17
41.65,204.23,6,29018,96.19
41.6,204.05,6,29024,96.21
41.55,203.88,6,29030,96.23
41.5,203.7,6,29036,96.25
41.45,203.53,6,29042,96.27
41.4,203.35,5,29047,96.29
41.35,203.18,5,29052,96.3
41.3,203.01,5,29057,96.32
41.25,202.83,5,29062,96.34
41.2,202.66,5,29067,96.35
41.15,202.48,5,29072,96.37
41.1,202.31,5,29077,96.39
41.05,202.14,5,29082,96.4
41.0,201.96,5,29087,96.42
40.95,201.79,6,29093,96.44
40.9,201.62,6,29099,96.46
40.85,201.44,6,29105,96.48
40.8,201.27,6,29111,96.5
40.75,201.09,5,29116,96.52
40.7,200.92,5,29121,96.53
40.65,200.75,5,29126,96.55
40.6,200.57,5,29131,96.57
40.55,200.4,5,29136,96.58
40.5,200.23,5,29141,96.6
40.45,200.05,5,29146,96.62
40.4,199.88,5,29151,96.63
40.35,199.7,5,29156,96.65
40.3,199.53,5,29161,96.67
40.25,199.35,5,29166,96.68
40.2,199.18,5,29171,96.7
40.15,199.0,5,29176,96.71
40.1,198.83,5,29181,96.73
40.05,198.65,5,29186,96.75
40.0,198.47,5,29191,96.76
39.95,198.3,5,29196,96.78
39.9,198.12,5,29201,96.8
39.85,197.94,5,29206,96.81
39.8,197.76,5,29211,96.83
39.75,197.59,5,29216,96.85
39.7,197.41,5,29221,96.86
39.65,197.23,5,29226,96.88
39.6,197.06,5,29231,96.9
39.55,196.88,5,29236,96.91
39.5,196.7,5,29241,96.93
39.45,196.52,5,29246,96.95
39.4,196.34,5,29251,96.96
39.35,196.16,5,29256,96.98
39.3,195.98,5,29261,97.0
39.25,195.8,5,29266,97.01
39.2,195.62,5,29271,97.03
39.15,195.43,4,29275,97.04
39.1,195.25,4,29279,97.06
39.05,195.07,4,29283,97.07
39.0,194.89,4,29287,97.08
38.95,194.71,5,29292,97.1
38.9,194.53,5,29297,97.12
38.85,194.35,5,29302,97.13
38.8,194.16,5,29307,97.15
38.75,193.98,5,29312,97.17
38.7,193.8,5,29317,97.18
38.65,193.62,5,29322,97.2
38.6,193.44,5,29327,97.22
38.55,193.26,5,29332,97.23
38.5,193.08,4,29336,97.25
38.45,192.9,4,29340,97.26
38.4,192.72,4,29344,97.27
38.35,192.54,4,29348,97.29
38.3,192.36,4,29352,97.3
38.25,192.18,4,29356,97.31
38.2,192.0,4,29360,97.32
38.15,191.82,4,29364,97.34
38.1,191.63,4,29368,97.35
38.05,191.45,4,29372,97.36
38.0,191.27,4,29376,97.38
37.95,191.09,5,29381,97.39
37.9,190.91,4,29385,97.41
37.85,190.73,4,29389,97.42
37.8,190.55,4,29393,97.43
37.75,190.37,4,29397,97.45
37.7,190.19,4,29401,97.46
37.65,190.01,4,29405,97.47
37.6,189.83,4,29409,97.49
37.55,189.65,4,29413,97.5
37.5,189.47,4,29417,97.51
37.45,174.11,4,29421,97.53
37.4,173.9,4,29425,97.54
37.35,173.68,4,29429,97.55
37.3,173.46,4,29433,97.57
37.25,173.25,4,29437,97.58
37.2,173.03,4,29441,97.59
37.15,172.82,4,29445,97.61
37.1,172.6,4,29449,97.62
37.05,172.38,4,29453,97.63
37.0,172.17,4,29457,97.65
36.95,171.95,4,29461,97.66
36.9,171.74,4,29465,97.67
36.85,171.52,4,29469,97.69
36.8,171.3,4,29473,97.7
36.75,171.09,4,29477,97.71
36.7,170.87,4,29481,97.73
36.65,170.66,4,29485,97.74
36.6,170.44,4,29489,97.75
36.55,170.22,4,29493,97.77
36.5,170.01,4,29497,97.78
36.45,169.79,4,29501,97.79
36.4,169.58,4,29505,97.81
36.35,169.36,4,29509,97.82
36.3,169.15,4,29513,97.83
36.25,168.93,4,29517,97.85
36.2,168.71,4,29521,97.86
36.15,168.5,3,29524,97.87
36.1,168.28,3,29527,97.88
36.05,168.07,3,29530,97.89
36.0,167.85,3,29533,97.9
35.95,167.63,4,29537,97.91
35.9,167.42,4,29541,97.92
35.85,167.2,4,29545,97.94
35.8,166.99,4,29549,97.95
35.75,166.77,4,29553,97.96
35.7,166.56,4,29557,97.98
35.65,166.34,4,29561,97.99
35.6,166.12,4,29565,98.0
35.55,165.91,4,29569,98.02
35.5,165.69,3,29572,98.03
35.45,165.48,3,29575,98.04
35.4,165.26,3,29578,98.05
35.35,165.04,3,29581,98.06
35.3,164.83,3,29584,98.07
35.25,164.61,3,29587,98.08
35.2,164.4,3,29590,98.09
35.15,164.18,3,29593,98.1
35.1,163.97,3,29596,98.11
35.05,163.75,3,29599,98.12
35.0,163.53,3,29602,98.13
34.95,163.32,4,29606,98.14
34.9,163.1,4,29610,98.15
34.85,162.89,4,29614,98.17
34.8,162.67,4,29618,98.18
34.75,162.45,3,29621,98.19
34.7,162.24,3,29624,98.2
34.65,162.02,3,29627,98.21
34.6,161.8,3,29630,98.22
34.55,161.59,3,29633,98.23
34.5,161.37,3,29636,98.24
34.45,161.16,3,29639,98.25
34.4,160.94,3,29642,98.26
34.35,160.72,3,29645,98.27
34.3,160.51,3,29648,98.28
34.25,160.29,3,29651,98.29
34.2,160.07,3,29654,98.3
34.15,159.86,3,29657,98.31
34.1,159.64,3,29660,98.32
34.05,159.43,3,29663,98.33
34.0,159.21,3,29666,98.34
33.95,158.99,3,29669,98.35
33.9,158.78,3,29672,98.36
33.85,158.56,3,29675,98.37
33.8,158.34,3,29678,98.38
33.75,158.13,3,29681,98.39
33.7,157.91,3,29684,98.4
33.65,157.69,3,29687,98.41
33.6,157.48,3,29690,98.42
33.55,157.26,3,29693,98.43
33.5,157.04,3,29696,98.44
33.45,156.83,3,29699,98.45
33.4,156.61,3,29702,98.46
33.35,156.39,3,29705,98.47
33.3,156.18,3,29708,98.48
33.25,155.96,3,29711,98.49
33.2,155.74,3,29714,98.5
33.15,155.53,3,29717,98.51
33.1,155.31,3,29720,98.52
33.05,155.09,3,29723,98.53
33.0,154.88,2,29725,98.53
32.95,154.66,3,29728,98.54
32.9,154.44,3,29731,98.55
32.85,154.23,3,29734,98.56
32.8,154.01,3,29737,98.57
32.75,153.79,3,29740,98.58
32.7,153.58,3,29743,98.59
32.65,153.36,3,29746,98.6
32.6,153.14,3,29749,98.61
32.55,152.93,3,29752,98.62
32.5,152.71,3,29755,98.63
32.45,152.49,3,29758,98.64
32.4,152.27,3,29761,98.65
32.35,152.06,3,29764,98.66
32.3,151.84,2,29766,98.67
32.25,151.62,2,29768,98.68
32.2,151.41,2,29770,98.68
32.15,151.19,2,29772,98.69
32.1,150.97,2,29774,98.7
32.05,150.76,2,29776,98.7
32.0,150.54,2,29778,98.71
31.95,150.32,3,29781,98.72
31.9,150.1,3,29784,98.73
31.85,149.89,3,29787,98.74
31.8,149.67,3,29790,98.75
31.75,149.45,3,29793,98.76
31.7,149.24,3,29796,98.77
31.65,149.02,3,29799,98.78
31.6,148.8,3,29802,98.79
31.55,148.58,2,29804,98.8
31.5,148.37,2,29806,98.8
31.45,148.15,2,29808,98.81
31.4,147.93,2,29810,98.82
31.35,147.72,2,29812,98.82
31.3,147.5,2,29814,98.83
31.25,147.28,2,29816,98.84
31.2,147.06,2,29818,98.84
31.15,146.85,2,29820,98.85
31.1,146.63,2,29822,98.86
31.05,146.41,2,29824,98.86
31.0,146.2,2,29826,98.87
30.95,145.98,3,29829,98.88
30.9,145.76,3,29832,98.89
30.85,145.54,3,29835,98.9
30.8,145.33,3,29838,98.91
30.75,145.11,3,29841,98.92
30.7,144.89,2,29843,98.93
30.65,144.68,2,29845,98.93
30.6,144.46,2,29847,98.94
30.55,144.24,2,29849,98.95
30.5,144.02,2,29851,98.95
30.45,143.81,2,29853,98.96
30.4,143.59,2,29855,98.97
30.35,143.37,2,29857,98.97
30.3,143.16,2,29859,98.98
30.25,142.94,2,29861,98.99
30.2,142.72,2,29863,98.99
30.15,142.5,2,29865,99.0
30.1,142.29,2,29867,99.01
30.05,142.07,2,29869,99.01
